{
    "health": 91,
    "position": {
        "x": 422.340942382813,
        "y": 478.4912109375
    },
    "score": 90
}